address,building_name,management_company,raw_review_count,relevant_review_count,overall_sentiment,summary,key_themes,report_date,report_source,report_sentiment,report_summary,processed_at
730 S CLARK ST,The Grant,Planned Property Management,312,0,Neutral,No relevant tenant experiences found for this building in public forums.,,,,,,2026-03-04T02:36:54.984292+00:00
520 S STATE ST,AMLI South Loop,AMLI Residential,59,0,Neutral,No relevant tenant experiences found for this building in public forums.,,,,,,2026-03-04T02:38:50.634129+00:00
1000 S CLARK ST,The Lofts at Roosevelt Collection,,15,0,Neutral,No relevant tenant experiences found for this building in public forums.,,,,,,2026-03-04T02:40:12.486426+00:00
1225 OLD TOWN CT,Old Town Park,,256,0,Neutral,No relevant tenant experiences found for this building in public forums.,,,,,,2026-03-04T02:41:27.240413+00:00
1620 S MICHIGAN AVE,The Columbian,,121,0,Neutral,No relevant tenant experiences found for this building in public forums.,,,,,,2026-03-04T02:42:44.207240+00:00
801 S PLYMOUTH CT,The Burnham,,159,0,Neutral,No relevant tenant experiences found for this building in public forums.,,,,,,2026-03-04T02:43:59.261734+00:00
1255 S STATE ST,Roosevelt Collection Lofts,,12,0,Neutral,No relevant tenant experiences found for this building in public forums.,,,,,,2026-03-04T02:45:19.887988+00:00
600 N LAKE SHORE DR,Lake Shore Plaza,,78,0,Neutral,No relevant tenant experiences found for this building in public forums.,,,,,,2026-03-04T02:47:02.156879+00:00
680 N LAKE SHORE DR,680 Lake Shore Drive,,32,0,Neutral,No relevant tenant experiences found for this building in public forums.,,,,,,2026-03-04T02:48:05.331977+00:00
5445 N SHERIDAN RD,Park Tower,,232,0,Neutral,No relevant tenant experiences found for this building in public forums.,,,,,,2026-03-04T02:49:18.558560+00:00
5455 N SHERIDAN RD,The Asbury,,95,0,Neutral,No relevant tenant experiences found for this building in public forums.,,,,,,2026-03-04T02:50:43.103377+00:00
3730 N LAKE SHORE DR,,,0,0,Neutral,No relevant tenant experiences found for this building in public forums.,,,,,,2026-03-04T02:51:22.358076+00:00
655 W IRVING PARK RD,Halsted Flats,,45,0,Neutral,No relevant tenant experiences found for this building in public forums.,,,,,,2026-03-04T02:52:36.029544+00:00
550 W SURF ST,,,1,0,Neutral,No relevant tenant experiences found for this building in public forums.,,,,,,2026-03-04T02:53:05.425795+00:00
1000 N LAKE SHORE PLZ,,,0,0,Neutral,No relevant tenant experiences found for this building in public forums.,,,,,,2026-03-04T02:53:36.424730+00:00
1440 N LAKE SHORE DR,,,0,0,Neutral,No relevant tenant experiences found for this building in public forums.,,,,,,2026-03-04T02:54:06.226559+00:00
1560 N SANDBURG TER,,,0,0,Neutral,No relevant tenant experiences found for this building in public forums.,,,,,,2026-03-04T02:54:35.786539+00:00
2626 N LAKEVIEW AVE,The Deming,,88,0,Neutral,No relevant tenant experiences found for this building in public forums.,,,,,,2026-03-04T02:56:03.158688+00:00
2650 N LAKEVIEW AVE,,,3,0,Neutral,No relevant tenant experiences found for this building in public forums.,,,,,,2026-03-04T02:56:40.403404+00:00
2800 N LAKE SHORE DR,,,2,0,Neutral,No relevant tenant experiences found for this building in public forums.,,,,,,2026-03-04T02:57:11.328986+00:00
3150 N LAKE SHORE DR,,,2,0,Neutral,No relevant tenant experiences found for this building in public forums.,,,,,,2026-03-04T02:57:49.299625+00:00
3200 N LAKE SHORE DR,,,2,0,Neutral,No relevant tenant experiences found for this building in public forums.,,,,,,2026-03-04T02:58:19.387027+00:00
3600 N LAKE SHORE DR,,,4,0,Neutral,No relevant tenant experiences found for this building in public forums.,,,,,,2026-03-04T02:58:49.919948+00:00
4250 N MARINE DR,,,4,0,Neutral,No relevant tenant experiences found for this building in public forums.,,,,,,2026-03-04T02:59:34.934274+00:00
195 N HARBOR DR,Lakeshore East,,191,0,Neutral,No relevant tenant experiences found for this building in public forums.,,,,,,2026-03-04T03:01:00.596485+00:00
400 E RANDOLPH ST,Aqua Tower,,78,0,Neutral,No relevant tenant experiences found for this building in public forums.,,,,,,2026-03-04T03:02:19.054277+00:00
225 N COLUMBUS DR,The Fairmont,,103,0,Neutral,No relevant tenant experiences found for this building in public forums.,,,,,,2026-03-04T03:03:41.815192+00:00
211 N STETSON AVE,,,0,0,Neutral,No relevant tenant experiences found for this building in public forums.,,,,,,2026-03-04T03:04:16.969375+00:00
505 N MCCLURG CT,River East Center,,156,0,Neutral,No relevant tenant experiences found for this building in public forums.,,,,,,2026-03-04T03:05:34.942489+00:00
340 E RANDOLPH ST,The Buckingham,,175,0,Neutral,No relevant tenant experiences found for this building in public forums.,,,,,,2026-03-04T03:06:47.010263+00:00
233 E 13TH ST,,,0,0,Neutral,No relevant tenant experiences found for this building in public forums.,,,,,,2026-03-04T03:07:16.083503+00:00
1720 S MICHIGAN AVE,The Lex,,94,0,Neutral,No relevant tenant experiences found for this building in public forums.,,,,,,2026-03-04T03:08:24.209554+00:00
303 E OHIO ST,,,2,0,Neutral,No relevant tenant experiences found for this building in public forums.,,,,,,2026-03-04T03:08:55.231340+00:00
8 E 9TH ST,,,16,0,Neutral,No relevant tenant experiences found for this building in public forums.,,,,,,2026-03-04T03:09:33.810427+00:00
1111 S WABASH AVE,,,2,0,Neutral,No relevant tenant experiences found for this building in public forums.,,,,,,2026-03-04T03:10:08.278470+00:00
1160 S MICHIGAN AVE,,,1,0,Neutral,No relevant tenant experiences found for this building in public forums.,,,,,,2026-03-04T03:10:41.085703+00:00
1255 N SANDBURG TER,,,1,0,Neutral,No relevant tenant experiences found for this building in public forums.,,,,,,2026-03-04T03:11:07.112093+00:00
2 E ERIE ST,,,8,0,Neutral,No relevant tenant experiences found for this building in public forums.,,,,,,2026-03-04T03:11:48.394673+00:00
10 E ONTARIO ST,,,25,0,Neutral,No relevant tenant experiences found for this building in public forums.,,,,,,2026-03-04T03:12:28.320935+00:00
30 W OAK ST,,,18,0,Neutral,No relevant tenant experiences found for this building in public forums.,,,,,,2026-03-04T03:13:18.783136+00:00
21 W GOETHE ST,,,0,0,Neutral,No relevant tenant experiences found for this building in public forums.,,,,,,2026-03-04T03:14:00.571170+00:00
1445 N STATE PKWY,,,0,0,Neutral,No relevant tenant experiences found for this building in public forums.,,,,,,2026-03-04T03:14:32.091930+00:00
1550 N STATE PKWY,,,0,0,Neutral,No relevant tenant experiences found for this building in public forums.,,,,,,2026-03-04T03:15:09.851648+00:00
1500 N LAKE SHORE DR,,,13,0,Neutral,No relevant tenant experiences found for this building in public forums.,,,,,,2026-03-04T03:15:43.722345+00:00
3180 N LAKE SHORE DR,,,0,0,Neutral,No relevant tenant experiences found for this building in public forums.,,,,,,2026-03-04T03:16:30.395800+00:00
3660 N LAKE SHORE DR,,,4,0,Neutral,No relevant tenant experiences found for this building in public forums.,,,,,,2026-03-04T03:17:12.953586+00:00
5100 N MARINE DR,,,1,0,Neutral,No relevant tenant experiences found for this building in public forums.,,,,,,2026-03-04T03:17:44.437887+00:00
6171 N SHERIDAN RD,,,1,0,Neutral,No relevant tenant experiences found for this building in public forums.,,,,,,2026-03-04T03:18:15.342107+00:00
5734 N WINTHROP AVE,,,0,0,Neutral,No relevant tenant experiences found for this building in public forums.,,,,,,2026-03-04T03:18:40.012228+00:00
4757 N MALDEN ST,,,0,0,Neutral,No relevant tenant experiences found for this building in public forums.,,,,,,2026-03-04T03:19:04.941457+00:00
2555 N CLARK ST,,,0,0,Neutral,No relevant tenant experiences found for this building in public forums.,,,,,,2026-03-04T03:19:44.252766+00:00
445 E ILLINOIS ST,Grand Plaza,,99,0,Neutral,No relevant tenant experiences found for this building in public forums.,,,,,,2026-03-04T03:20:53.242769+00:00
455 N CITYFRONT PLAZA DR,NBC Tower Residences,,5,0,Neutral,No relevant tenant experiences found for this building in public forums.,,,,,,2026-03-04T03:21:48.841621+00:00
474 N LAKE SHORE DR,,,1,0,Neutral,No relevant tenant experiences found for this building in public forums.,,,,,,2026-03-04T03:22:17.977905+00:00
512 N MCCLURG CT,,,2,0,Neutral,No relevant tenant experiences found for this building in public forums.,,,,,,2026-03-04T03:22:47.925125+00:00
600 N FAIRBANKS CT,Fairbanks at Cityfront Plaza,,1,0,Neutral,No relevant tenant experiences found for this building in public forums.,,,,,,2026-03-04T03:23:50.463547+00:00
420 E OHIO ST,,,2,0,Neutral,No relevant tenant experiences found for this building in public forums.,,,,,,2026-03-04T03:24:47.204512+00:00
222 N COLUMBUS DR,,,3,0,Neutral,No relevant tenant experiences found for this building in public forums.,,,,,,2026-03-04T03:25:15.795664+00:00
240 E ILLINOIS ST,North Water Apartments,,103,0,Neutral,No relevant tenant experiences found for this building in public forums.,,,,,,2026-03-04T03:26:33.643813+00:00
1530 S STATE ST,Jones Chicago,,120,0,Neutral,No relevant tenant experiences found for this building in public forums.,,,,,,2026-03-04T03:27:44.322145+00:00
1515 S PRAIRIE AVE,Prairie House,,133,0,Neutral,No relevant tenant experiences found for this building in public forums.,,,,,,2026-03-04T03:29:01.015841+00:00
1801 S MICHIGAN AVE,,,3,0,Neutral,No relevant tenant experiences found for this building in public forums.,,,,,,2026-03-04T03:29:39.186499+00:00
2000 S MICHIGAN AVE,,,32,0,Neutral,No relevant tenant experiences found for this building in public forums.,,,,,,2026-03-04T03:30:21.966686+00:00
100 E 14TH ST,,,6,0,Neutral,No relevant tenant experiences found for this building in public forums.,,,,,,2026-03-04T03:30:59.813752+00:00
1307 S WABASH AVE,,,1,0,Neutral,No relevant tenant experiences found for this building in public forums.,,,,,,2026-03-04T03:31:25.886455+00:00
1333 S WABASH AVE,Wabash Landing,,10,0,Neutral,No relevant tenant experiences found for this building in public forums.,,,,,,2026-03-04T03:32:44.367745+00:00
1455 S MICHIGAN AVE,,,2,0,Neutral,No relevant tenant experiences found for this building in public forums.,,,,,,2026-03-04T03:33:26.820955+00:00
1629 S PRAIRIE AVE,,,0,0,Neutral,No relevant tenant experiences found for this building in public forums.,,,,,,2026-03-04T03:34:02.985736+00:00
714 S DEARBORN ST,,,3,0,Neutral,No relevant tenant experiences found for this building in public forums.,,,,,,2026-03-04T03:34:35.673079+00:00
1211 S PRAIRIE AVE,Prairie District Lofts,,4,0,Neutral,No relevant tenant experiences found for this building in public forums.,,,,,,2026-03-04T03:35:41.978577+00:00
306 W ERIE ST,,,0,0,Neutral,No relevant tenant experiences found for this building in public forums.,,,,,,2026-03-04T03:36:08.435947+00:00
110 W SUPERIOR ST,,,4,0,Neutral,No relevant tenant experiences found for this building in public forums.,,,,,,2026-03-04T03:36:38.786530+00:00
117 W HURON ST,,,0,0,Neutral,No relevant tenant experiences found for this building in public forums.,,,,,,2026-03-04T03:37:10.055808+00:00
118 E ERIE ST,,,0,0,Neutral,No relevant tenant experiences found for this building in public forums.,,,,,,2026-03-04T03:37:39.717640+00:00
25 E SUPERIOR ST,,,6,0,Neutral,No relevant tenant experiences found for this building in public forums.,,,,,,2026-03-04T03:38:31.571096+00:00
33 W ONTARIO ST,,,3,0,Neutral,No relevant tenant experiences found for this building in public forums.,,,,,,2026-03-04T03:39:08.768689+00:00
55 W ERIE ST,,,1,0,Neutral,No relevant tenant experiences found for this building in public forums.,,,,,,2026-03-04T03:39:41.912807+00:00
750 N RUSH ST,,,5,0,Neutral,No relevant tenant experiences found for this building in public forums.,,,,,,2026-03-04T03:40:15.301857+00:00
111 W MAPLE ST,,,1,0,Neutral,No relevant tenant experiences found for this building in public forums.,,,,,,2026-03-04T03:41:18.768728+00:00
101 W SUPERIOR ST,,,1,0,Neutral,No relevant tenant experiences found for this building in public forums.,,,,,,2026-03-04T03:42:14.292166+00:00
1400 N LAKE SHORE DR,,,14,11,Mixed,"Residents of 1400 N Lake Shore Dr generally appreciate the building's lakefront location and city living experience, but frequently mention noise issues from aircraft and the building's C-shaped design that amplifies sound. The building appears to have some security concerns with unauthorized access, and rent prices have increased significantly over the years. Despite these challenges, many former residents express fondness for their time living there.",noise|location|security|rent_value,2018-08-25,Reddit r/chicago,Negative,"A former resident described being startled awake by a helicopter hovering extremely close to their window, with the aircraft blades positioned dangerously near the building.",2026-03-04T03:43:28.285197+00:00
1400 N LAKE SHORE DR,,,14,11,Mixed,"Residents of 1400 N Lake Shore Dr generally appreciate the building's lakefront location and city living experience, but frequently mention noise issues from aircraft and the building's C-shaped design that amplifies sound. The building appears to have some security concerns with unauthorized access, and rent prices have increased significantly over the years. Despite these challenges, many former residents express fondness for their time living there.",noise|location|security|rent_value,2022-07-10,Reddit r/chicago,Negative,"A resident noted dramatic rent increases over two decades, with their family's former apartment rising from $1200 in 2001 to $3500, describing the units as non-luxury with window AC units and cramped kitchens, though acknowledging the lake views.",2026-03-04T03:43:28.285197+00:00
1400 N LAKE SHORE DR,,,14,11,Mixed,"Residents of 1400 N Lake Shore Dr generally appreciate the building's lakefront location and city living experience, but frequently mention noise issues from aircraft and the building's C-shaped design that amplifies sound. The building appears to have some security concerns with unauthorized access, and rent prices have increased significantly over the years. Despite these challenges, many former residents express fondness for their time living there.",noise|location|security|rent_value,2021-08-15,Reddit r/chicago,Positive,"A former resident fondly recalled living on the third floor with lake views during their late teens, describing it as an exceptional experience compared to suburban living.",2026-03-04T03:43:28.285197+00:00
1400 N LAKE SHORE DR,,,14,11,Mixed,"Residents of 1400 N Lake Shore Dr generally appreciate the building's lakefront location and city living experience, but frequently mention noise issues from aircraft and the building's C-shaped design that amplifies sound. The building appears to have some security concerns with unauthorized access, and rent prices have increased significantly over the years. Despite these challenges, many former residents express fondness for their time living there.",noise|location|security|rent_value,2022-09-26,Reddit r/chicago,Negative,A former resident reported security concerns about a woman with mental health issues who would regularly sneak into the building at night through poorly secured entrances.,2026-03-04T03:43:28.285197+00:00
1400 N LAKE SHORE DR,,,14,11,Mixed,"Residents of 1400 N Lake Shore Dr generally appreciate the building's lakefront location and city living experience, but frequently mention noise issues from aircraft and the building's C-shaped design that amplifies sound. The building appears to have some security concerns with unauthorized access, and rent prices have increased significantly over the years. Despite these challenges, many former residents express fondness for their time living there.",noise|location|security|rent_value,2021-12-13,Reddit r/chicago,Negative,"Another resident confirmed ongoing security issues with the same individual gaining unauthorized access through faulty doors and following residents through secured areas, though noting she appeared harmless.",2026-03-04T03:43:28.285197+00:00
1400 N LAKE SHORE DR,,,14,11,Mixed,"Residents of 1400 N Lake Shore Dr generally appreciate the building's lakefront location and city living experience, but frequently mention noise issues from aircraft and the building's C-shaped design that amplifies sound. The building appears to have some security concerns with unauthorized access, and rent prices have increased significantly over the years. Despite these challenges, many former residents express fondness for their time living there.",noise|location|security|rent_value,2019-08-16,Reddit r/chicago,Negative,"A former high school resident complained about noise from military aircraft being amplified by the building's C-shaped design, causing disturbances during early morning hours.",2026-03-04T03:43:28.285197+00:00
1400 N LAKE SHORE DR,,,14,11,Mixed,"Residents of 1400 N Lake Shore Dr generally appreciate the building's lakefront location and city living experience, but frequently mention noise issues from aircraft and the building's C-shaped design that amplifies sound. The building appears to have some security concerns with unauthorized access, and rent prices have increased significantly over the years. Despite these challenges, many former residents express fondness for their time living there.",noise|location|security|rent_value,2024-08-09,Reddit r/chicago,Neutral,"Another resident confirmed that aircraft noise can become quite loud due to the building's C-shaped architecture that amplifies sound and causes window rattling, though they found it somewhat entertaining.",2026-03-04T03:43:28.285197+00:00
1400 N LAKE SHORE DR,,,14,11,Mixed,"Residents of 1400 N Lake Shore Dr generally appreciate the building's lakefront location and city living experience, but frequently mention noise issues from aircraft and the building's C-shaped design that amplifies sound. The building appears to have some security concerns with unauthorized access, and rent prices have increased significantly over the years. Despite these challenges, many former residents express fondness for their time living there.",noise|location|security|rent_value,2024-08-12,Reddit r/chicago,Positive,"A former child resident expressed positive memories of military helicopter flyovers directly above the building, describing the experience as exciting and memorable.",2026-03-04T03:43:28.285197+00:00
1400 N LAKE SHORE DR,,,14,11,Mixed,"Residents of 1400 N Lake Shore Dr generally appreciate the building's lakefront location and city living experience, but frequently mention noise issues from aircraft and the building's C-shaped design that amplifies sound. The building appears to have some security concerns with unauthorized access, and rent prices have increased significantly over the years. Despite these challenges, many former residents express fondness for their time living there.",noise|location|security|rent_value,2024-03-04,Reddit r/chicago,Neutral,A former resident mentioned that the building's location consistently experiences strong wind tunnels around the area.,2026-03-04T03:43:28.285197+00:00
1400 N LAKE SHORE DR,,,14,11,Mixed,"Residents of 1400 N Lake Shore Dr generally appreciate the building's lakefront location and city living experience, but frequently mention noise issues from aircraft and the building's C-shaped design that amplifies sound. The building appears to have some security concerns with unauthorized access, and rent prices have increased significantly over the years. Despite these challenges, many former residents express fondness for their time living there.",noise|location|security|rent_value,2016-02-29,Reddit r/chicago,Positive,"A former high school resident expressed appreciation for their time living in the Gold Coast location, stating they really enjoyed city living during that period.",2026-03-04T03:43:28.285197+00:00
1400 N LAKE SHORE DR,,,14,11,Mixed,"Residents of 1400 N Lake Shore Dr generally appreciate the building's lakefront location and city living experience, but frequently mention noise issues from aircraft and the building's C-shaped design that amplifies sound. The building appears to have some security concerns with unauthorized access, and rent prices have increased significantly over the years. Despite these challenges, many former residents express fondness for their time living there.",noise|location|security|rent_value,2014-12-28,Reddit r/chicago,Neutral,"A former resident recounted waking up to helicopter maintenance work being performed directly outside their window, describing it as an unusual but memorable experience.",2026-03-04T03:43:28.285197+00:00
1418 N LAKE SHORE DR,,,0,0,Neutral,No relevant tenant experiences found for this building in public forums.,,,,,,2026-03-04T03:44:21.128255+00:00
1700 E 56TH ST,,,3,1,Mixed,"One tenant reported mixed experiences with the building's heating and cooling system. They described difficulties during heat waves before seasonal HVAC switches, particularly on higher floors, but praised the air conditioning once it was activated.",heating_cooling,2022-05-26,Reddit r/chicago,Mixed,"A former resident experienced challenges with the building's seasonal HVAC switching system, finding it uncomfortable during heat waves before the air conditioning was activated, especially on upper floors. However, they expressed satisfaction with the cooling system once it was operational.",2026-03-04T03:45:18.592877+00:00
5747 S UNIVERSITY AVE,,,0,0,Neutral,No relevant tenant experiences found for this building in public forums.,,,,,,2026-03-04T03:46:13.817073+00:00
5757 S UNIVERSITY AVE,,,1,0,Neutral,No relevant tenant experiences found for this building in public forums.,,,,,,2026-03-04T03:51:56.839857+00:00
5555 S EVERETT AVE,,,0,0,Neutral,No relevant tenant experiences found for this building in public forums.,,,,,,2026-03-04T03:58:35.274712+00:00
1400 S MICHIGAN AVE,,,3,0,Neutral,No relevant tenant experiences found for this building in public forums.,,,,,,2026-03-04T04:02:15.099488+00:00
1201 S PRAIRIE AVE,,,1,0,Neutral,No relevant tenant experiences found for this building in public forums.,,,,,,2026-03-04T04:02:53.123438+00:00
2545 S DEARBORN ST,,,0,0,Neutral,No relevant tenant experiences found for this building in public forums.,,,,,,2026-03-04T04:03:42.029085+00:00
3833 N BROADWAY,,,1,0,Neutral,No relevant tenant experiences found for this building in public forums.,,,,,,2026-03-04T04:04:56.103666+00:00
3900 N PINE GROVE AVE,,,0,0,Neutral,No relevant tenant experiences found for this building in public forums.,,,,,,2026-03-04T04:05:34.133448+00:00
4343 N CLARENDON AVE,Clarendon Park,,128,8,Mixed,"Tenant experiences at Clarendon Park (4343 N Clarendon Ave) are limited in available mentions, with residents generally appreciating the location near the lakefront and parks. However, there are some concerns about the surrounding neighborhood's safety and cleanliness, though most feedback suggests the immediate building area is relatively quiet and well-positioned for urban amenities.",location|safety|cleanliness|amenities,2021-11-22,Reddit r/chicagoapartments,Neutral,"A resident inquired about tenant experiences at The Boardwalk building at this address, specifically asking about pest issues after having roach problems at their current River North high-rise.",2026-03-04T04:08:18.398475+00:00
4343 N CLARENDON AVE,Clarendon Park,,128,8,Mixed,"Tenant experiences at Clarendon Park (4343 N Clarendon Ave) are limited in available mentions, with residents generally appreciating the location near the lakefront and parks. However, there are some concerns about the surrounding neighborhood's safety and cleanliness, though most feedback suggests the immediate building area is relatively quiet and well-positioned for urban amenities.",location|safety|cleanliness|amenities,2020-08-09,Reddit r/chicagoapartments,Neutral,"Someone posted about available condos for rent at this address, indicating rental units are available in the building.",2026-03-04T04:08:18.398475+00:00
4343 N CLARENDON AVE,Clarendon Park,,128,8,Mixed,"Tenant experiences at Clarendon Park (4343 N Clarendon Ave) are limited in available mentions, with residents generally appreciating the location near the lakefront and parks. However, there are some concerns about the surrounding neighborhood's safety and cleanliness, though most feedback suggests the immediate building area is relatively quiet and well-positioned for urban amenities.",location|safety|cleanliness|amenities,2024-02-19,Reddit r/chicagoapartments,Positive,"A resident was subletting a large convertible studio at 4157 N Clarendon with positive amenities including lakefront access, nearby transportation, fitness rooms, and rooftop deck.",2026-03-04T04:08:18.398475+00:00
4343 N CLARENDON AVE,Clarendon Park,,128,8,Mixed,"Tenant experiences at Clarendon Park (4343 N Clarendon Ave) are limited in available mentions, with residents generally appreciating the location near the lakefront and parks. However, there are some concerns about the surrounding neighborhood's safety and cleanliness, though most feedback suggests the immediate building area is relatively quiet and well-positioned for urban amenities.",location|safety|cleanliness|amenities,2022-04-05,Reddit r/chicagoapartments,Positive,"A tenant offered a top-floor two-bedroom unit near Clarendon Park with modern amenities, in-unit laundry, and proximity to shopping and transit.",2026-03-04T04:08:18.398475+00:00
4343 N CLARENDON AVE,Clarendon Park,,128,8,Mixed,"Tenant experiences at Clarendon Park (4343 N Clarendon Ave) are limited in available mentions, with residents generally appreciating the location near the lakefront and parks. However, there are some concerns about the surrounding neighborhood's safety and cleanliness, though most feedback suggests the immediate building area is relatively quiet and well-positioned for urban amenities.",location|safety|cleanliness|amenities,2024-10-24,Reddit r/chicagoapartments,Neutral,"Someone inquired about tenant experiences at The Legacy building at 4520 N Clarendon, seeking information about living conditions and the surrounding area.",2026-03-04T04:08:18.398475+00:00
4343 N CLARENDON AVE,Clarendon Park,,128,8,Mixed,"Tenant experiences at Clarendon Park (4343 N Clarendon Ave) are limited in available mentions, with residents generally appreciating the location near the lakefront and parks. However, there are some concerns about the surrounding neighborhood's safety and cleanliness, though most feedback suggests the immediate building area is relatively quiet and well-positioned for urban amenities.",location|safety|cleanliness|amenities,2024-09-05,Reddit r/chicagoapartments,Positive,"A former resident of Reside on Clarendon in Buena Park reported never seeing any pest issues, only occasional spiders.",2026-03-04T04:08:18.398475+00:00
4343 N CLARENDON AVE,Clarendon Park,,128,8,Mixed,"Tenant experiences at Clarendon Park (4343 N Clarendon Ave) are limited in available mentions, with residents generally appreciating the location near the lakefront and parks. However, there are some concerns about the surrounding neighborhood's safety and cleanliness, though most feedback suggests the immediate building area is relatively quiet and well-positioned for urban amenities.",location|safety|cleanliness|amenities,2023-07-27,Reddit r/chicago,Negative,"A resident noted that walking their dog near Clarendon Park has become difficult due to encountering people passed out or sleeping, and observed drug use on park benches.",2026-03-04T04:08:18.398475+00:00
4343 N CLARENDON AVE,Clarendon Park,,128,8,Mixed,"Tenant experiences at Clarendon Park (4343 N Clarendon Ave) are limited in available mentions, with residents generally appreciating the location near the lakefront and parks. However, there are some concerns about the surrounding neighborhood's safety and cleanliness, though most feedback suggests the immediate building area is relatively quiet and well-positioned for urban amenities.",location|safety|cleanliness|amenities,2023-03-08,Reddit r/chicago,Positive,"A long-time resident described the Clarendon Park area as very quiet with minimal crime, noting it's in a convenient location between the lake, transit, and grocery stores with recent development.",2026-03-04T04:08:18.398475+00:00
909 W MONTROSE AVE,,,0,0,Neutral,No relevant tenant experiences found for this building in public forums.,,,,,,2026-03-04T04:08:56.881312+00:00
4711 N RACINE AVE,,,0,0,Neutral,No relevant tenant experiences found for this building in public forums.,,,,,,2026-03-04T04:09:45.224871+00:00
5000 S CORNELL AVE,,,0,0,Neutral,No relevant tenant experiences found for this building in public forums.,,,,,,2026-03-04T04:10:20.192279+00:00
7300 N SHERIDAN RD,,,0,0,Neutral,No relevant tenant experiences found for this building in public forums.,,,,,,2026-03-04T04:11:01.829112+00:00
4800 S CHICAGO BEACH DR,,,0,0,Neutral,No relevant tenant experiences found for this building in public forums.,,,,,,2026-03-04T04:11:43.121953+00:00
4850 S LAKE SHORE DR,,,0,0,Neutral,No relevant tenant experiences found for this building in public forums.,,,,,,2026-03-04T04:12:27.771678+00:00
2400 N LAKEVIEW AVE,,,4,1,Positive,"Limited information is available about tenant experiences at this building. One rental listing highlighted positive features including complete renovations, convenient location near Lincoln Park and the lakefront, and utilities included in rent.",location|amenities|heating_cooling,2021-04-14,Reddit r/chicagoapartments,Positive,"A rental listing advertised a completely renovated one-bedroom unit with convenient location near Lincoln Park and lakefront, plus included utilities like internet, water, heating and central air conditioning.",2026-03-04T04:13:17.921774+00:00
